Fecha,CLOSE
01/03/2020,"8,486.90"
29/02/2020,"8,557.30"
28/02/2020,"8,728.00"
27/02/2020,"8,825.80"
26/02/2020,"8,813.20"
25/02/2020,"9,327.50"
24/02/2020,"9,674.10"
23/02/2020,"9,985.00"
22/02/2020,"9,662.40"
21/02/2020,"9,693.50"
20/02/2020,"9,608.10"
19/02/2020,"9,592.20"
18/02/2020,"10,183.00"
17/02/2020,"9,708.00"
16/02/2020,"9,929.70"
15/02/2020,"9,901.00"
14/02/2020,"10,335.00"
13/02/2020,"10,222.00"
12/02/2020,"10,339.00"
11/02/2020,"10,247.00"
10/02/2020,"9,850.20"
09/02/2020,"10,151.00"
08/02/2020,"9,877.20"
07/02/2020,"9,805.20"
06/02/2020,"9,744.90"
05/02/2020,"9,612.00"
04/02/2020,"9,197.40"
03/02/2020,"9,309.30"
02/02/2020,"9,353.10"
01/02/2020,"9,410.60"
31/01/2020,"9,367.40"
30/01/2020,"9,512.70"
29/01/2020,"9,304.20"
28/01/2020,"9,393.70"
27/01/2020,"8,912.00"
26/01/2020,"8,621.60"
25/01/2020,"8,353.70"
24/01/2020,"8,447.10"
23/01/2020,"8,403.50"
22/01/2020,"8,663.90"
21/01/2020,"8,734.10"
20/01/2020,"8,638.20"
19/01/2020,"8,694.00"
18/01/2020,"8,891.50"
17/01/2020,"8,875.40"
16/01/2020,"8,720.60"
15/01/2020,"8,807.70"
14/01/2020,"8,775.60"
13/01/2020,"8,094.50"
12/01/2020,"8,174.70"
11/01/2020,"8,013.80"
10/01/2020,"8,176.30"
09/01/2020,"7,817.50"
08/01/2020,"8,036.80"
07/01/2020,"8,150.00"
06/01/2020,"7,757.90"
05/01/2020,"7,364.60"
04/01/2020,"7,369.80"
03/01/2020,"7,367.50"
02/01/2020,"6,989.40"
01/01/2020,"7,212.70"
31/12/2019,"7,208.30"
30/12/2019,"7,260.90"
29/12/2019,"7,417.90"
28/12/2019,"7,334.40"
27/12/2019,"7,287.00"
26/12/2019,"7,232.40"
25/12/2019,"7,220.10"
24/12/2019,"7,276.90"
23/12/2019,"7,347.40"
22/12/2019,"7,532.00"
21/12/2019,"7,166.40"
20/12/2019,"7,212.90"
19/12/2019,"7,181.80"
18/12/2019,"7,323.40"
17/12/2019,"6,667.10"
16/12/2019,"6,926.80"
15/12/2019,"7,152.70"
14/12/2019,"7,100.80"
13/12/2019,"7,283.20"
12/12/2019,"7,224.00"
11/12/2019,"7,230.70"
10/12/2019,"7,254.60"
09/12/2019,"7,379.50"
08/12/2019,"7,564.60"
07/12/2019,"7,543.20"
06/12/2019,"7,588.30"
05/12/2019,"7,440.00"
04/12/2019,"7,238.20"
03/12/2019,"7,336.00"
02/12/2019,"7,350.30"
01/12/2019,"7,450.10"
30/11/2019,"7,599.90"
29/11/2019,"7,796.60"
28/11/2019,"7,460.80"
27/11/2019,"7,549.30"
26/11/2019,"7,198.30"
25/11/2019,"7,168.00"
24/11/2019,"6,965.30"
23/11/2019,"7,352.60"
22/11/2019,"7,323.00"
21/11/2019,"7,671.10"
20/11/2019,"8,126.40"
19/11/2019,"8,164.90"
18/11/2019,"8,219.50"
17/11/2019,"8,537.30"
16/11/2019,"8,523.50"
15/11/2019,"8,495.80"
14/11/2019,"8,655.70"
13/11/2019,"8,801.10"
12/11/2019,"8,830.00"
11/11/2019,"8,737.70"
10/11/2019,"9,068.40"
09/11/2019,"8,828.00"
08/11/2019,"8,782.40"
07/11/2019,"9,208.00"
06/11/2019,"9,353.00"
05/11/2019,"9,333.90"
04/11/2019,"9,441.20"
03/11/2019,"9,222.40"
02/11/2019,"9,332.10"
01/11/2019,"9,289.10"
31/10/2019,"9,185.60"
30/10/2019,"9,184.30"
29/10/2019,"9,445.50"
28/10/2019,"9,225.70"
27/10/2019,"9,571.80"
26/10/2019,"9,270.90"
25/10/2019,"8,679.10"
24/10/2019,"7,453.00"
23/10/2019,"7,493.70"
22/10/2019,"8,058.90"
21/10/2019,"8,243.90"
20/10/2019,"8,260.60"
19/10/2019,"7,992.90"
18/10/2019,"7,987.20"
17/10/2019,"8,092.30"
16/10/2019,"8,016.00"
15/10/2019,"8,191.10"
14/10/2019,"8,370.00"
13/10/2019,"8,305.70"
12/10/2019,"8,318.30"
11/10/2019,"8,280.00"
10/10/2019,"8,596.00"
09/10/2019,"8,607.50"
08/10/2019,"8,211.20"
07/10/2019,"8,227.00"
06/10/2019,"7,883.10"
05/10/2019,"8,162.50"
04/10/2019,"8,170.00"
03/10/2019,"8,257.90"
02/10/2019,"8,413.40"
01/10/2019,"8,334.90"
30/09/2019,"8,331.10"
29/09/2019,"8,090.00"
28/09/2019,"8,238.60"
27/09/2019,"8,213.40"
26/09/2019,"8,103.60"
25/09/2019,"8,474.70"
24/09/2019,"8,547.90"
23/09/2019,"9,702.60"
22/09/2019,"10,052.00"
21/09/2019,"10,013.00"
20/09/2019,"10,198.00"
19/09/2019,"10,301.00"
18/09/2019,"10,185.00"
17/09/2019,"10,214.10"
16/09/2019,"10,295.00"
15/09/2019,"10,322.00"
14/09/2019,"10,379.00"
13/09/2019,"10,374.00"
12/09/2019,"10,452.00"
11/09/2019,"10,175.00"
10/09/2019,"10,122.00"
09/09/2019,"10,318.00"
08/09/2019,"10,415.00"
07/09/2019,"10,488.00"
06/09/2019,"10,317.00"
05/09/2019,"10,578.70"
04/09/2019,"10,590.00"
03/09/2019,"10,641.00"
02/09/2019,"10,388.00"
01/09/2019,"9,779.10"
31/08/2019,"9,623.90"
30/08/2019,"9,601.00"
29/08/2019,"9,509.00"
28/08/2019,"9,727.40"
27/08/2019,"10,184.00"
26/08/2019,"10,377.00"
25/08/2019,"10,132.00"
24/08/2019,"10,152.00"
23/08/2019,"10,408.00"
22/08/2019,"10,117.00"
21/08/2019,"10,146.00"
20/08/2019,"10,793.00"
19/08/2019,"10,937.00"
18/08/2019,"10,327.00"
17/08/2019,"10,228.00"
16/08/2019,"10,366.00"
15/08/2019,"10,327.00"
14/08/2019,"10,067.00"
13/08/2019,"10,904.00"
12/08/2019,"11,404.00"
11/08/2019,"11,586.00"
10/08/2019,"11,314.00"
09/08/2019,"11,893.00"
08/08/2019,"12,060.00"
07/08/2019,"11,997.00"
06/08/2019,"11,471.20"
05/08/2019,"11,808.00"
04/08/2019,"10,973.00"
03/08/2019,"10,822.00"
02/08/2019,"10,519.00"
01/08/2019,"10,399.00"
31/07/2019,"10,088.00"
30/07/2019,"9,589.00"
29/07/2019,"9,507.00"
28/07/2019,"9,519.00"
27/07/2019,"9,465.70"
26/07/2019,"9,842.50"
25/07/2019,"9,890.10"
24/07/2019,"9,771.00"
23/07/2019,"9,854.90"
22/07/2019,"10,329.00"
21/07/2019,"10,569.40"
20/07/2019,"10,740.00"
19/07/2019,"10,519.00"
18/07/2019,"10,622.00"
17/07/2019,"9,683.20"
16/07/2019,"9,410.00"
15/07/2019,"10,820.00"
14/07/2019,"10,206.80"
13/07/2019,"11,312.00"
12/07/2019,"11,765.00"
11/07/2019,"11,340.00"
10/07/2019,"12,093.00"
09/07/2019,"12,553.00"
08/07/2019,"12,301.00"
07/07/2019,"11,486.00"
06/07/2019,"11,283.00"
05/07/2019,"10,998.00"
04/07/2019,"11,169.00"
03/07/2019,"11,984.00"
02/07/2019,"10,866.00"
01/07/2019,"10,639.00"
30/06/2019,"10,745.00"
29/06/2019,"11,921.00"
28/06/2019,"12,349.00"
27/06/2019,"11,200.00"
26/06/2019,"12,876.00"
25/06/2019,"11,751.00"
24/06/2019,"11,053.00"
23/06/2019,"10,916.00"
22/06/2019,"10,747.90"
21/06/2019,"10,236.00"
20/06/2019,"9,557.10"
19/06/2019,"9,305.90"
18/06/2019,"9,095.90"
17/06/2019,"9,356.00"
16/06/2019,"8,986.00"
15/06/2019,"8,856.00"
14/06/2019,"8,689.10"
13/06/2019,"8,227.40"
12/06/2019,"8,175.40"
11/06/2019,"7,904.10"
10/06/2019,"8,013.70"
09/06/2019,"7,639.20"
08/06/2019,"7,924.60"
07/06/2019,"7,991.50"
06/06/2019,"7,805.60"
05/06/2019,"7,789.30"
04/06/2019,"7,692.80"
03/06/2019,"8,103.40"
02/06/2019,"8,740.00"
01/06/2019,"8,547.00"
31/05/2019,"8,533.30"
30/05/2019,"8,269.90"
29/05/2019,"8,680.90"
28/05/2019,"8,740.90"
27/05/2019,"8,806.00"
26/05/2019,"8,729.90"
25/05/2019,"8,054.90"
24/05/2019,"7,994.90"
23/05/2019,"7,872.40"
22/05/2019,"7,621.10"
21/05/2019,"7,937.00"
20/05/2019,"7,985.00"
19/05/2019,"8,189.50"
18/05/2019,"7,260.00"
17/05/2019,"7,415.40"
16/05/2019,"7,857.00"
15/05/2019,"8,132.90"
14/05/2019,"7,958.30"
13/05/2019,"7,753.20"
12/05/2019,"6,979.90"
11/05/2019,"7,136.40"
10/05/2019,"6,438.70"
09/05/2019,"6,258.40"
08/05/2019,"6,201.00"
07/05/2019,"6,087.90"
06/05/2019,"6,027.90"
05/05/2019,"6,042.00"
04/05/2019,"6,098.30"
03/05/2019,"6,016.00"
02/05/2019,"5,723.80"
01/05/2019,"5,629.60"
30/04/2019,"5,599.50"
29/04/2019,"5,480.10"
28/04/2019,"5,486.80"
27/04/2019,"5,401.80"
26/04/2019,"5,410.80"
25/04/2019,"5,219.00"
24/04/2019,"5,480.30"
23/04/2019,"5,550.90"
22/04/2019,"5,417.80"
21/04/2019,"5,321.90"
20/04/2019,"5,340.00"
19/04/2019,"5,314.00"
18/04/2019,"5,310.80"
17/04/2019,"5,254.50"
16/04/2019,"5,234.30"
15/04/2019,"5,049.20"
14/04/2019,"5,194.30"
13/04/2019,"5,101.80"
12/04/2019,"5,114.00"
11/04/2019,"5,065.80"
10/04/2019,"5,311.70"
09/04/2019,"5,216.30"
08/04/2019,"5,312.50"
07/04/2019,"5,238.10"
06/04/2019,"5,090.50"
05/04/2019,"5,080.40"
04/04/2019,"4,938.90"
03/04/2019,"4,978.00"
02/04/2019,"4,927.10"
01/04/2019,"4,196.80"
31/03/2019,"4,167.60"
30/03/2019,"4,165.10"
29/03/2019,"4,179.00"
28/03/2019,"4,092.60"
27/03/2019,"4,102.50"
26/03/2019,"3,991.70"
25/03/2019,"3,970.00"
24/03/2019,"4,041.40"
23/03/2019,"4,063.20"
22/03/2019,"4,045.30"
21/03/2019,"4,044.80"
20/03/2019,"4,127.20"
19/03/2019,"4,104.70"
18/03/2019,"4,073.50"
17/03/2019,"4,068.90"
16/03/2019,"4,088.00"
15/03/2019,"4,003.10"
14/03/2019,"3,948.30"
13/03/2019,"3,947.90"
12/03/2019,"3,954.10"
11/03/2019,"3,949.00"
10/03/2019,"4,000.00"
09/03/2019,"4,017.30"
08/03/2019,"3,940.50"
07/03/2019,"3,964.70"
06/03/2019,"3,951.40"
05/03/2019,"3,951.60"
04/03/2019,"3,800.00"
03/03/2019,"3,884.80"
02/03/2019,"3,913.00"
01/03/2019,"3,914.00"
28/02/2019,"3,894.00"
27/02/2019,"3,902.70"
26/02/2019,"3,896.80"
25/02/2019,"3,921.80"
24/02/2019,"3,832.00"
23/02/2019,"4,211.70"
22/02/2019,"4,058.30"
21/02/2019,"4,008.80"
20/02/2019,"4,055.00"
19/02/2019,"3,989.90"
18/02/2019,"3,978.10"
17/02/2019,"3,734.50"
16/02/2019,"3,676.40"
15/02/2019,"3,670.00"
14/02/2019,"3,656.70"
13/02/2019,"3,666.10"
12/02/2019,"3,694.20"
11/02/2019,"3,681.10"
10/02/2019,"3,746.30"
09/02/2019,"3,718.40"
08/02/2019,"3,724.00"
07/02/2019,"3,436.10"
06/02/2019,"3,452.00"
05/02/2019,"3,512.60"
04/02/2019,"3,490.50"
03/02/2019,"3,501.70"
02/02/2019,"3,564.30"
01/02/2019,"3,536.20"
31/01/2019,"3,501.10"
30/01/2019,"3,529.60"
29/01/2019,"3,477.90"
28/01/2019,"3,501.90"
27/01/2019,"3,597.10"
26/01/2019,"3,630.70"
25/01/2019,"3,628.90"
24/01/2019,"3,652.60"
23/01/2019,"3,619.90"
22/01/2019,"3,639.10"
21/01/2019,"3,579.40"
20/01/2019,"3,586.10"
19/01/2019,"3,760.00"
18/01/2019,"3,675.70"
17/01/2019,"3,723.00"
16/01/2019,"3,671.20"
15/01/2019,"3,656.50"
14/01/2019,"3,749.30"
13/01/2019,"3,591.00"
12/01/2019,"3,702.00"
11/01/2019,"3,716.10"
10/01/2019,"3,712.80"
09/01/2019,"4,083.20"
08/01/2019,"4,100.00"
07/01/2019,"4,113.90"
06/01/2019,"4,171.50"
05/01/2019,"3,911.00"
04/01/2019,"3,954.90"
03/01/2019,"3,923.20"
02/01/2019,"4,048.50"
01/01/2019,"3,963.00"
31/12/2018,"3,830.50"
30/12/2018,"3,978.30"
29/12/2018,"3,887.00"
28/12/2018,"4,036.70"
27/12/2018,"3,714.70"
26/12/2018,"3,929.80"
25/12/2018,"3,909.70"
24/12/2018,"4,145.20"
23/12/2018,"4,075.70"
22/12/2018,"4,135.00"
21/12/2018,"3,976.10"
20/12/2018,"4,214.50"
19/12/2018,"3,810.00"
18/12/2018,"3,780.10"
17/12/2018,"3,625.10"
16/12/2018,"3,299.90"
15/12/2018,"3,285.10"
14/12/2018,"3,282.80"
13/12/2018,"3,354.40"
12/12/2018,"3,535.60"
11/12/2018,"3,435.30"
10/12/2018,"3,524.90"
09/12/2018,"3,639.60"
08/12/2018,"3,506.00"
07/12/2018,"3,460.00"
06/12/2018,"3,531.30"
05/12/2018,"3,765.30"
04/12/2018,"3,981.90"
03/12/2018,"3,901.20"
02/12/2018,"4,159.70"
01/12/2018,"4,243.00"
30/11/2018,"4,038.30"
29/11/2018,"4,312.90"
28/11/2018,"4,306.30"
27/11/2018,"3,884.40"
26/11/2018,"3,858.00"
25/11/2018,"4,087.80"
24/11/2018,"3,929.80"
23/11/2018,"4,422.70"
22/11/2018,"4,392.40"
21/11/2018,"4,666.60"
20/11/2018,"4,600.10"
19/11/2018,"4,938.10"
18/11/2018,"5,659.40"
17/11/2018,"5,626.70"
16/11/2018,"5,660.50"
15/11/2018,"5,753.40"
14/11/2018,"5,884.60"
13/11/2018,"6,464.40"
12/11/2018,"6,446.90"
11/11/2018,"6,450.00"
10/11/2018,"6,431.10"
09/11/2018,"6,420.20"
08/11/2018,"6,479.60"
07/11/2018,"6,572.70"
06/11/2018,"6,515.20"
05/11/2018,"6,470.10"
04/11/2018,"6,485.20"
03/11/2018,"6,387.90"
02/11/2018,"6,426.90"
01/11/2018,"6,399.70"
31/10/2018,"6,368.40"
30/10/2018,"6,330.10"
29/10/2018,"6,344.00"
28/10/2018,"6,490.10"
27/10/2018,"6,500.20"
26/10/2018,"6,531.50"
25/10/2018,"6,528.10"
24/10/2018,"6,554.10"
23/10/2018,"6,550.00"
22/10/2018,"6,567.20"
21/10/2018,"6,591.60"
20/10/2018,"6,586.70"
19/10/2018,"6,527.30"
18/10/2018,"6,613.00"
17/10/2018,"6,737.10"
16/10/2018,"6,754.10"
15/10/2018,"6,742.00"
14/10/2018,"6,335.20"
13/10/2018,"6,326.50"
12/10/2018,"6,293.20"
11/10/2018,"6,252.00"
10/10/2018,"6,630.20"
09/10/2018,"6,663.00"
08/10/2018,"6,673.20"
07/10/2018,"6,601.00"
06/10/2018,"6,592.00"
05/10/2018,"6,644.70"
04/10/2018,"6,580.10"
03/10/2018,"6,503.20"
02/10/2018,"6,533.30"
01/10/2018,"6,601.90"
30/09/2018,"6,618.10"
29/09/2018,"6,604.60"
28/09/2018,"6,635.10"
27/09/2018,"6,692.50"
26/09/2018,"6,462.40"
25/09/2018,"6,434.70"
24/09/2018,"6,585.00"
23/09/2018,"6,710.00"
22/09/2018,"6,723.00"
21/09/2018,"6,762.70"
20/09/2018,"6,500.50"
19/09/2018,"6,390.90"
18/09/2018,"6,342.80"
17/09/2018,"6,254.20"
16/09/2018,"6,498.50"
15/09/2018,"6,513.60"
14/09/2018,"6,485.00"
13/09/2018,"6,475.60"
12/09/2018,"6,332.00"
11/09/2018,"6,290.80"
10/09/2018,"6,308.00"
09/09/2018,"6,239.90"
08/09/2018,"6,185.00"
07/09/2018,"6,404.10"
06/09/2018,"6,515.60"
05/09/2018,"6,710.50"
04/09/2018,"7,358.90"
03/09/2018,"7,268.00"
02/09/2018,"7,290.40"
01/09/2018,"7,197.50"
31/08/2018,"7,025.90"
30/08/2018,"6,994.70"
29/08/2018,"7,045.70"
28/08/2018,"7,079.70"
27/08/2018,"6,909.50"
26/08/2018,"6,708.40"
25/08/2018,"6,732.90"
24/08/2018,"6,695.90"
23/08/2018,"6,527.20"
22/08/2018,"6,354.90"
21/08/2018,"6,479.10"
20/08/2018,"6,255.90"
19/08/2018,"6,485.10"
18/08/2018,"6,391.20"
17/08/2018,"6,583.30"
16/08/2018,"6,314.00"
15/08/2018,"6,270.10"
14/08/2018,"6,189.00"
13/08/2018,"6,251.90"
12/08/2018,"6,313.90"
11/08/2018,"6,232.70"
10/08/2018,"6,146.80"
09/08/2018,"6,529.10"
08/08/2018,"6,279.20"
07/08/2018,"6,720.50"
06/08/2018,"6,941.30"
05/08/2018,"7,025.80"
04/08/2018,"7,013.20"
03/08/2018,"7,420.00"
02/08/2018,"7,535.20"
01/08/2018,"7,608.80"
31/07/2018,"7,730.60"
30/07/2018,"8,179.60"
29/07/2018,"8,221.00"
28/07/2018,"8,246.40"
27/07/2018,"8,185.70"
26/07/2018,"7,939.00"
25/07/2018,"8,176.00"
24/07/2018,"8,394.50"
23/07/2018,"7,719.80"
22/07/2018,"7,400.50"
21/07/2018,"7,403.30"
20/07/2018,"7,333.10"
19/07/2018,"7,473.50"
18/07/2018,"7,379.40"
17/07/2018,"7,319.80"
16/07/2018,"6,729.20"
15/07/2018,"6,347.20"
14/07/2018,"6,250.10"
13/07/2018,"6,220.00"
12/07/2018,"6,249.00"
11/07/2018,"6,377.80"
10/07/2018,"6,301.50"
09/07/2018,"6,666.70"
08/07/2018,"6,707.00"
07/07/2018,"6,761.70"
06/07/2018,"6,602.10"
05/07/2018,"6,540.20"
04/07/2018,"6,590.00"
03/07/2018,"6,500.00"
02/07/2018,"6,581.30"
01/07/2018,"6,349.70"
30/06/2018,"6,391.50"
29/06/2018,"6,208.10"
28/06/2018,"5,850.00"
27/06/2018,"6,133.10"
26/06/2018,"6,078.50"
25/06/2018,"6,246.60"
24/06/2018,"6,148.00"
23/06/2018,"6,152.00"
22/06/2018,"6,042.60"
21/06/2018,"6,713.50"
20/06/2018,"6,760.40"
19/06/2018,"6,737.50"
18/06/2018,"6,709.20"
17/06/2018,"6,435.70"
16/06/2018,"6,485.90"
15/06/2018,"6,385.00"
14/06/2018,"6,633.70"
13/06/2018,"6,295.20"
12/06/2018,"6,543.90"
11/06/2018,"6,873.30"
10/06/2018,"6,757.30"
09/06/2018,"7,498.60"
08/06/2018,"7,615.10"
07/06/2018,"7,688.90"
06/06/2018,"7,654.00"
05/06/2018,"7,621.70"
04/06/2018,"7,488.30"
03/06/2018,"7,718.00"
02/06/2018,"7,638.10"
01/06/2018,"7,521.00"
31/05/2018,"7,485.80"
30/05/2018,"7,375.10"
29/05/2018,"7,460.00"
28/05/2018,"7,097.90"
27/05/2018,"7,339.70"
26/05/2018,"7,330.30"
25/05/2018,"7,458.00"
24/05/2018,"7,576.70"
23/05/2018,"7,494.80"
22/05/2018,"7,977.30"
21/05/2018,"8,393.40"
20/05/2018,"8,523.70"
19/05/2018,"8,232.30"
18/05/2018,"8,239.00"
17/05/2018,"8,051.80"
16/05/2018,"8,336.10"
15/05/2018,"8,467.50"
14/05/2018,"8,670.80"
13/05/2018,"8,683.60"
12/05/2018,"8,462.70"
11/05/2018,"8,412.40"
10/05/2018,"9,018.70"
09/05/2018,"9,318.20"
08/05/2018,"9,184.70"
07/05/2018,"9,370.00"
06/05/2018,"9,658.70"
05/05/2018,"9,859.60"
04/05/2018,"9,702.80"
03/05/2018,"9,762.10"
02/05/2018,"9,236.40"
01/05/2018,"9,067.00"
30/04/2018,"9,240.00"
29/04/2018,"9,398.60"
28/04/2018,"9,345.30"
27/04/2018,"8,920.10"
26/04/2018,"9,279.30"
25/04/2018,"8,878.40"
24/04/2018,"9,644.40"
23/04/2018,"8,940.00"
22/04/2018,"8,800.00"
21/04/2018,"8,919.10"
20/04/2018,"8,866.10"
19/04/2018,"8,272.80"
18/04/2018,"8,166.30"
17/04/2018,"7,889.90"
16/04/2018,"8,056.20"
15/04/2018,"8,354.10"
14/04/2018,"8,002.90"
13/04/2018,"7,885.80"
12/04/2018,"7,912.00"
11/04/2018,"6,943.10"
10/04/2018,"6,839.30"
09/04/2018,"6,764.60"
08/04/2018,"7,023.90"
07/04/2018,"6,892.60"
06/04/2018,"6,610.20"
05/04/2018,"6,765.00"
04/04/2018,"6,785.90"
03/04/2018,"7,405.60"
02/04/2018,"7,052.70"
01/04/2018,"6,810.00"
31/03/2018,"6,925.30"
30/03/2018,"6,840.40"
29/03/2018,"7,094.00"
28/03/2018,"7,936.10"
27/03/2018,"7,784.50"
26/03/2018,"8,119.10"
25/03/2018,"8,445.10"
24/03/2018,"8,535.00"
23/03/2018,"8,908.00"
22/03/2018,"8,706.40"
21/03/2018,"8,900.10"
20/03/2018,"8,899.70"
19/03/2018,"8,600.10"
18/03/2018,"8,200.20"
17/03/2018,"7,851.00"
16/03/2018,"8,251.00"
15/03/2018,"8,252.90"
14/03/2018,"8,186.60"
13/03/2018,"9,135.00"
12/03/2018,"9,121.00"
11/03/2018,"9,528.00"
10/03/2018,"8,762.00"
09/03/2018,"9,217.00"
08/03/2018,"9,300.00"
07/03/2018,"9,902.90"
06/03/2018,"10,720.00"
05/03/2018,"11,416.00"
04/03/2018,"11,501.00"
03/03/2018,"11,440.00"
02/03/2018,"11,025.00"
01/03/2018,"10,925.00"
28/02/2018,"10,315.00"
27/02/2018,"10,569.00"
26/02/2018,"10,321.00"
25/02/2018,"9,557.40"
24/02/2018,"9,666.30"
23/02/2018,"10,145.00"
22/02/2018,"9,830.00"
21/02/2018,"10,455.00"
20/02/2018,"11,218.00"
19/02/2018,"11,173.00"
18/02/2018,"10,372.00"
17/02/2018,"11,053.50"
16/02/2018,"10,162.00"
15/02/2018,"9,996.90"
14/02/2018,"9,455.40"
13/02/2018,"8,515.90"
12/02/2018,"8,900.60"
11/02/2018,"8,069.00"
10/02/2018,"8,563.10"
09/02/2018,"8,683.20"
08/02/2018,"8,235.10"
07/02/2018,"7,587.00"
06/02/2018,"7,673.80"
05/02/2018,"6,949.90"
04/02/2018,"8,200.00"
03/02/2018,"9,219.40"
02/02/2018,"8,895.80"
01/02/2018,"9,181.10"
31/01/2018,"10,284.00"
30/01/2018,"10,175.00"
29/01/2018,"11,212.00"
28/01/2018,"11,839.00"
27/01/2018,"11,461.00"
26/01/2018,"11,070.00"
25/01/2018,"11,146.00"
24/01/2018,"11,414.00"
23/01/2018,"10,819.00"
22/01/2018,"10,771.00"
21/01/2018,"11,514.00"
20/01/2018,"12,728.00"
19/01/2018,"11,476.00"
18/01/2018,"11,045.00"
17/01/2018,"11,082.00"
16/01/2018,"11,072.00"
15/01/2018,"13,575.00"
14/01/2018,"13,558.00"
13/01/2018,"14,191.00"
12/01/2018,"13,783.00"
11/01/2018,"13,266.00"
10/01/2018,"14,896.00"
09/01/2018,"14,423.00"
08/01/2018,"14,930.00"
07/01/2018,"16,196.00"
06/01/2018,"17,161.00"
05/01/2018,"16,917.00"
04/01/2018,"15,160.00"
03/01/2018,"15,155.00"
02/01/2018,"14,709.80"
01/01/2018,"13,354.00"
31/12/2017,"13,800.00"
30/12/2017,"12,377.00"
29/12/2017,"14,317.00"
28/12/2017,"14,315.00"
27/12/2017,"15,374.00"
26/12/2017,"15,679.00"
25/12/2017,"13,623.00"
24/12/2017,"13,476.00"
23/12/2017,"14,035.00"
22/12/2017,"13,170.00"
21/12/2017,"15,666.80"
20/12/2017,"16,425.00"
19/12/2017,"17,345.00"
18/12/2017,"18,934.00"
17/12/2017,"18,971.00"
16/12/2017,"19,187.00"
15/12/2017,"17,522.00"
14/12/2017,"16,383.00"
13/12/2017,"16,181.00"
12/12/2017,"16,967.00"
11/12/2017,"16,754.00"
10/12/2017,"14,997.00"
09/12/2017,"14,660.00"
08/12/2017,"15,869.00"
07/12/2017,"16,601.00"
06/12/2017,"13,527.00"
05/12/2017,"11,595.00"
04/12/2017,"11,595.00"
03/12/2017,"11,157.00"
02/12/2017,"10,881.00"
01/12/2017,"10,869.00"
30/11/2017,"9,907.00"
29/11/2017,"9,749.40"
28/11/2017,"9,898.00"
27/11/2017,"9,728.80"
26/11/2017,"9,316.00"
25/11/2017,"8,766.20"
24/11/2017,"8,191.60"
23/11/2017,"7,977.10"
22/11/2017,"8,230.10"
21/11/2017,"8,097.30"
20/11/2017,"8,245.10"
19/11/2017,"8,054.20"
18/11/2017,"7,773.30"
17/11/2017,"7,677.90"
16/11/2017,"7,864.20"
15/11/2017,"7,278.30"
14/11/2017,"6,579.20"
13/11/2017,"6,474.60"
12/11/2017,"5,822.10"
11/11/2017,"6,300.70"
10/11/2017,"6,542.20"
09/11/2017,"7,126.20"
08/11/2017,"7,442.40"
07/11/2017,"7,103.30"
06/11/2017,"6,955.00"
05/11/2017,"7,382.00"
04/11/2017,"7,369.00"
03/11/2017,"7,278.40"
02/11/2017,"7,019.90"
01/11/2017,"6,727.30"
31/10/2017,"6,458.30"
30/10/2017,"6,125.30"
29/10/2017,"6,156.00"
28/10/2017,"5,720.60"
27/10/2017,"5,759.60"
26/10/2017,"5,890.00"
25/10/2017,"5,720.00"
24/10/2017,"5,509.50"
23/10/2017,"5,906.90"
22/10/2017,"5,980.50"
21/10/2017,"6,005.10"
20/10/2017,"5,984.50"
19/10/2017,"5,694.00"
18/10/2017,"5,565.00"
17/10/2017,"5,597.10"
16/10/2017,"5,764.40"
15/10/2017,"5,698.60"
14/10/2017,"5,835.00"
13/10/2017,"5,636.80"
12/10/2017,"5,428.50"
11/10/2017,"4,824.90"
10/10/2017,"4,777.00"
09/10/2017,"4,782.30"
08/10/2017,"4,613.10"
07/10/2017,"4,436.00"
06/10/2017,"4,371.00"
05/10/2017,"4,315.40"
04/10/2017,"4,215.10"
03/10/2017,"4,311.10"
02/10/2017,"4,400.10"
01/10/2017,"4,404.30"
30/09/2017,"4,367.00"
29/09/2017,"4,169.90"
28/09/2017,"4,190.00"
27/09/2017,"4,205.40"
26/09/2017,"3,879.10"
25/09/2017,"3,930.00"
24/09/2017,"3,652.80"
23/09/2017,"3,779.60"
22/09/2017,"3,598.50"
21/09/2017,"3,603.40"
20/09/2017,"3,873.20"
19/09/2017,"3,900.00"
18/09/2017,"4,084.10"
17/09/2017,"3,666.30"
16/09/2017,"3,685.40"
15/09/2017,"3,698.00"
14/09/2017,"3,238.10"
13/09/2017,"3,849.70"
12/09/2017,"4,142.90"
11/09/2017,"4,203.00"
10/09/2017,"4,232.10"
09/09/2017,"4,317.90"
08/09/2017,"4,305.80"
07/09/2017,"4,613.50"
06/09/2017,"4,589.10"
05/09/2017,"4,374.90"
04/09/2017,"4,200.40"
03/09/2017,"4,595.00"
02/09/2017,"4,534.40"
01/09/2017,"4,904.90"
31/08/2017,"4,718.20"
30/08/2017,"4,569.00"
29/08/2017,"4,587.10"
28/08/2017,"4,383.80"
27/08/2017,"4,331.80"
26/08/2017,"4,341.70"
25/08/2017,"4,351.50"
24/08/2017,"4,325.20"
23/08/2017,"4,129.10"
22/08/2017,"4,074.00"
21/08/2017,"4,002.50"
20/08/2017,"4,064.30"
19/08/2017,"4,145.10"
18/08/2017,"4,090.20"
17/08/2017,"4,260.00"
16/08/2017,"4,386.30"
15/08/2017,"4,151.90"
14/08/2017,"4,319.50"
13/08/2017,"4,053.30"
12/08/2017,"3,865.50"
11/08/2017,"3,644.10"
10/08/2017,"3,407.90"
09/08/2017,"3,339.90"
08/08/2017,"3,415.00"
07/08/2017,"3,396.70"
06/08/2017,"3,227.90"
05/08/2017,"3,256.40"
04/08/2017,"2,860.00"
03/08/2017,"2,790.30"
02/08/2017,"2,702.00"
01/08/2017,"2,731.20"
31/07/2017,"2,856.00"
30/07/2017,"2,749.00"
29/07/2017,"2,714.10"
28/07/2017,"2,784.80"
27/07/2017,"2,664.90"
26/07/2017,"2,525.70"
25/07/2017,"2,560.90"
24/07/2017,"2,769.70"
23/07/2017,"2,747.50"
22/07/2017,"2,845.70"
21/07/2017,"2,664.00"
20/07/2017,"2,856.30"
19/07/2017,"2,253.10"
18/07/2017,"2,302.10"
17/07/2017,"2,219.00"
16/07/2017,"1,924.90"
15/07/2017,"1,978.60"
14/07/2017,"2,205.10"
13/07/2017,"2,329.00"
12/07/2017,"2,374.40"
11/07/2017,"2,282.10"
10/07/2017,"2,318.30"
09/07/2017,"2,478.00"
08/07/2017,"2,542.00"
07/07/2017,"2,479.30"
06/07/2017,"2,593.10"
05/07/2017,"2,598.50"
04/07/2017,"2,582.60"
03/07/2017,"2,524.00"
02/07/2017,"2,445.00"
01/07/2017,"2,349.50"
30/06/2017,"2,420.70"
29/06/2017,"2,470.10"
28/06/2017,"2,518.20"
27/06/2017,"2,521.20"
26/06/2017,"2,394.60"
25/06/2017,"2,477.70"
24/06/2017,"2,502.60"
23/06/2017,"2,674.90"
22/06/2017,"2,672.80"
21/06/2017,"2,621.20"
20/06/2017,"2,712.20"
19/06/2017,"2,580.80"
18/06/2017,"2,491.50"
17/06/2017,"2,610.00"
16/06/2017,"2,437.00"
15/06/2017,"2,377.40"
14/06/2017,"2,395.00"
13/06/2017,"2,676.40"
12/06/2017,"2,571.80"
11/06/2017,"2,936.30"
10/06/2017,"2,806.00"
09/06/2017,"2,809.00"
08/06/2017,"2,782.10"
07/06/2017,"2,642.60"
06/06/2017,"2,843.60"
05/06/2017,"2,636.20"
04/06/2017,"2,488.20"
03/06/2017,"2,461.00"
02/06/2017,"2,405.90"
01/06/2017,"2,311.60"
31/05/2017,"2,191.80"
30/05/2017,"2,146.70"
29/05/2017,"2,207.40"
28/05/2017,"2,056.60"
27/05/2017,"1,972.30"
26/05/2017,"2,127.30"
25/05/2017,"2,252.00"
24/05/2017,"2,394.80"
23/05/2017,"2,249.30"
22/05/2017,"2,085.50"
21/05/2017,"2,029.20"
20/05/2017,"2,059.70"
19/05/2017,"1,966.50"
18/05/2017,"1,941.50"
17/05/2017,"1,870.00"
16/05/2017,"1,785.70"
15/05/2017,"1,772.50"
14/05/2017,"1,828.10"
13/05/2017,"1,820.40"
12/05/2017,"1,735.00"
11/05/2017,"1,853.90"
10/05/2017,"1,796.80"
09/05/2017,"1,760.00"
08/05/2017,"1,703.20"
07/05/2017,"1,619.90"
06/05/2017,"1,597.10"
05/05/2017,"1,545.10"
04/05/2017,"1,607.10"
03/05/2017,"1,617.80"
02/05/2017,"1,560.00"
01/05/2017,"1,533.10"
30/04/2017,"1,435.20"
29/04/2017,"1,423.60"
28/04/2017,"1,415.60"
27/04/2017,"1,440.30"
26/04/2017,"1,399.30"
25/04/2017,"1,370.30"
24/04/2017,"1,345.00"
23/04/2017,"1,355.20"
22/04/2017,"1,347.50"
21/04/2017,"1,325.60"
20/04/2017,"1,308.40"
19/04/2017,"1,260.50"
18/04/2017,"1,265.40"
17/04/2017,"1,240.00"
16/04/2017,"1,212.00"
15/04/2017,"1,193.30"
14/04/2017,"1,206.80"
13/04/2017,"1,187.00"
12/04/2017,"1,227.40"
11/04/2017,"1,235.60"
10/04/2017,"1,220.30"
09/04/2017,"1,215.90"
08/04/2017,"1,188.10"
07/04/2017,"1,196.60"
06/04/2017,"1,191.50"
05/04/2017,"1,140.60"
04/04/2017,"1,145.00"
03/04/2017,"1,150.20"
02/04/2017,"1,107.60"
01/04/2017,"1,093.20"
31/03/2017,"1,081.70"
30/03/2017,"1,041.00"
29/03/2017,"1,041.80"
28/03/2017,"1,044.70"
27/03/2017,"1,042.70"
26/03/2017,969.00
25/03/2017,972.20
24/03/2017,943.10
23/03/2017,"1,033.00"
22/03/2017,"1,039.10"
21/03/2017,"1,115.00"
20/03/2017,"1,039.00"
19/03/2017,"1,016.10"
18/03/2017,971.00
17/03/2017,"1,068.40"
16/03/2017,"1,169.00"
15/03/2017,"1,256.10"
14/03/2017,"1,245.00"
13/03/2017,"1,238.50"
12/03/2017,"1,225.20"
11/03/2017,"1,172.80"
10/03/2017,"1,113.60"
09/03/2017,"1,190.40"
08/03/2017,"1,149.30"
07/03/2017,"1,232.40"
06/03/2017,"1,279.30"
05/03/2017,"1,278.40"
04/03/2017,"1,267.80"
03/03/2017,"1,288.20"
02/03/2017,"1,262.30"
01/03/2017,"1,232.80"
28/02/2017,"1,189.10"
27/02/2017,"1,195.50"
26/02/2017,"1,178.30"
25/02/2017,"1,153.00"
24/02/2017,"1,185.10"
23/02/2017,"1,190.90"
22/02/2017,"1,125.30"
21/02/2017,"1,129.60"
20/02/2017,"1,091.20"
19/02/2017,"1,056.20"
18/02/2017,"1,059.80"
17/02/2017,"1,056.20"
16/02/2017,"1,038.40"
15/02/2017,"1,013.80"
14/02/2017,"1,013.70"
13/02/2017,996.50
12/02/2017,996.00
11/02/2017,"1,000.30"
10/02/2017,992.00
09/02/2017,985.00
08/02/2017,"1,048.80"
07/02/2017,"1,052.10"
06/02/2017,"1,022.60"
05/02/2017,"1,006.60"
04/02/2017,"1,031.10"
03/02/2017,"1,015.70"
02/02/2017,"1,005.70"
01/02/2017,983.70
31/01/2017,966.20
30/01/2017,917.40
29/01/2017,912.60
28/01/2017,919.40
27/01/2017,916.70
26/01/2017,915.10
25/01/2017,893.30
24/01/2017,886.10
23/01/2017,910.00
22/01/2017,923.70
21/01/2017,924.00
20/01/2017,896.00
19/01/2017,900.30
18/01/2017,887.80
17/01/2017,904.00
16/01/2017,830.10
15/01/2017,820.70
14/01/2017,815.30
13/01/2017,828.10
12/01/2017,804.60
11/01/2017,778.60
10/01/2017,905.80
09/01/2017,903.00
08/01/2017,915.90
07/01/2017,908.80
06/01/2017,898.00
05/01/2017,"1,003.20"
04/01/2017,"1,139.60"
03/01/2017,"1,037.50"
02/01/2017,"1,019.30"
01/01/2017,999.00
31/12/2016,966.60
30/12/2016,959.30
29/12/2016,972.60
28/12/2016,981.70
27/12/2016,936.30
26/12/2016,906.40
25/12/2016,898.00
24/12/2016,895.20
23/12/2016,919.00
22/12/2016,859.20
21/12/2016,830.00
20/12/2016,798.00
19/12/2016,790.60
18/12/2016,790.20
17/12/2016,791.00
16/12/2016,784.20
15/12/2016,777.40
14/12/2016,774.50
13/12/2016,775.00
12/12/2016,778.00
11/12/2016,770.20
10/12/2016,772.90
09/12/2016,770.50
08/12/2016,765.00
07/12/2016,765.00
06/12/2016,757.40
05/12/2016,750.60
04/12/2016,768.50
03/12/2016,765.30
02/12/2016,774.90
01/12/2016,755.40
30/11/2016,739.00
29/11/2016,731.00
28/11/2016,731.50
27/11/2016,725.00
26/11/2016,731.20
25/11/2016,740.40
24/11/2016,737.70
23/11/2016,742.00
22/11/2016,750.00
21/11/2016,739.00
20/11/2016,729.70
19/11/2016,752.90
18/11/2016,754.00
17/11/2016,740.70
16/11/2016,745.00
15/11/2016,712.20
14/11/2016,707.40
31/10/2016,704.10
30/10/2016,702.50
29/10/2016,714.50
28/10/2016,693.50
27/10/2016,688.70
26/10/2016,678.70
25/10/2016,659.50
24/10/2016,654.70
23/10/2016,659.00
22/10/2016,665.00
21/10/2016,636.70
20/10/2016,632.50
19/10/2016,631.80
18/10/2016,638.80
17/10/2016,639.80
16/10/2016,644.20
15/10/2016,640.20
14/10/2016,643.00
13/10/2016,637.00
12/10/2016,637.60
11/10/2016,641.70
10/10/2016,618.90
09/10/2016,616.60
08/10/2016,620.50
07/10/2016,620.10
06/10/2016,613.50
05/10/2016,614.10
04/10/2016,611.00
03/10/2016,612.60
02/10/2016,609.10
01/10/2016,614.10
30/09/2016,611.10
29/09/2016,604.60
28/09/2016,603.80
27/09/2016,605.50
26/09/2016,609.10
25/09/2016,600.40
24/09/2016,602.50
23/09/2016,603.30
22/09/2016,597.10
21/09/2016,597.40
20/09/2016,600.00
19/09/2016,609.80
18/09/2016,613.00
17/09/2016,607.70
16/09/2016,610.00
15/09/2016,611.80
14/09/2016,613.90
13/09/2016,614.20
12/09/2016,611.60
11/09/2016,612.10
10/09/2016,628.00
09/09/2016,626.30
08/09/2016,631.70
07/09/2016,619.80
06/09/2016,615.20
05/09/2016,611.50
04/09/2016,614.50
03/09/2016,609.90
02/09/2016,579.80
01/09/2016,572.70
31/08/2016,576.20
30/08/2016,579.50
29/08/2016,574.80
28/08/2016,574.20
27/08/2016,568.50
26/08/2016,578.00
25/08/2016,577.20
24/08/2016,580.30
23/08/2016,583.50
22/08/2016,588.00
21/08/2016,581.40
20/08/2016,582.00
19/08/2016,573.50
18/08/2016,572.20
17/08/2016,571.80
16/08/2016,574.20
15/08/2016,564.60
14/08/2016,569.40
13/08/2016,583.70
12/08/2016,585.50
11/08/2016,591.30
10/08/2016,590.30
09/08/2016,604.10
08/08/2016,604.10
07/08/2016,604.10
06/08/2016,604.10
05/08/2016,604.10
04/08/2016,604.10
03/08/2016,604.10
02/08/2016,604.00
01/08/2016,608.00
31/07/2016,623.70
30/07/2016,655.00
29/07/2016,658.30
27/07/2016,654.50
26/07/2016,648.50
25/07/2016,654.20
24/07/2016,661.80
23/07/2016,654.00
22/07/2016,648.00
21/07/2016,665.00
20/07/2016,665.80
19/07/2016,675.00
18/07/2016,674.30
17/07/2016,683.20
16/07/2016,665.30
15/07/2016,665.50
14/07/2016,659.80
13/07/2016,653.70
12/07/2016,667.20
11/07/2016,648.00
10/07/2016,649.70
09/07/2016,648.10
08/07/2016,664.80
07/07/2016,640.50
06/07/2016,677.00
05/07/2016,667.80
04/07/2016,681.30
03/07/2016,659.30
02/07/2016,705.00
01/07/2016,674.80
30/06/2016,674.70
29/06/2016,639.70
28/06/2016,646.30
27/06/2016,662.20
26/06/2016,627.40
25/06/2016,664.90
24/06/2016,666.00
23/06/2016,625.80
22/06/2016,606.00
21/06/2016,668.90
20/06/2016,743.90
19/06/2016,767.30
18/06/2016,757.60
17/06/2016,748.70
16/06/2016,769.50
15/06/2016,696.90
14/06/2016,684.50
13/06/2016,705.90
12/06/2016,671.00
11/06/2016,614.50
10/06/2016,580.10
09/06/2016,575.50
08/06/2016,583.00
07/06/2016,576.90
06/06/2016,585.20
05/06/2016,574.00
04/06/2016,572.70
03/06/2016,570.90
02/06/2016,538.80
01/06/2016,536.80
31/05/2016,530.70
30/05/2016,532.90
29/05/2016,531.00
28/05/2016,527.00
27/05/2016,472.00
26/05/2016,454.00
25/05/2016,449.10
24/05/2016,445.00
23/05/2016,443.70
22/05/2016,437.50
21/05/2016,440.80
20/05/2016,441.60
19/05/2016,435.00
18/05/2016,453.50
17/05/2016,453.20
16/05/2016,453.00
15/05/2016,457.90
14/05/2016,455.80
13/05/2016,455.80
12/05/2016,455.00
11/05/2016,452.30
10/05/2016,450.70
09/05/2016,461.60
08/05/2016,459.90
07/05/2016,460.20
06/05/2016,461.20
05/05/2016,448.40
04/05/2016,447.40
03/05/2016,450.40
02/05/2016,443.70
01/05/2016,451.10
30/04/2016,446.60
29/04/2016,455.30
28/04/2016,450.50
27/04/2016,445.10
26/04/2016,468.10
25/04/2016,461.80
24/04/2016,463.00
23/04/2016,453.70
22/04/2016,447.80
21/04/2016,452.00
20/04/2016,444.00
19/04/2016,437.80
18/04/2016,430.00
17/04/2016,428.50
16/04/2016,432.00
15/04/2016,431.50
14/04/2016,426.00
13/04/2016,424.80
12/04/2016,426.60
11/04/2016,423.70
10/04/2016,421.30
09/04/2016,418.50
08/04/2016,418.50
07/04/2016,422.30
06/04/2016,422.60
05/04/2016,423.80
04/04/2016,420.50
03/04/2016,420.60
02/04/2016,420.30
01/04/2016,417.60
31/03/2016,416.00
30/03/2016,413.20
29/03/2016,415.80
28/03/2016,424.10
27/03/2016,427.40
26/03/2016,416.70
25/03/2016,416.00
24/03/2016,415.30
23/03/2016,418.10
22/03/2016,417.70
21/03/2016,411.90
20/03/2016,411.30
19/03/2016,408.40
18/03/2016,407.70
17/03/2016,418.80
16/03/2016,417.30
15/03/2016,415.50
14/03/2016,416.00
13/03/2016,411.80
12/03/2016,410.00
11/03/2016,420.50
10/03/2016,416.50
09/03/2016,412.90
08/03/2016,411.40
07/03/2016,412.70
06/03/2016,403.90
05/03/2016,397.40
04/03/2016,408.80
03/03/2016,420.60
02/03/2016,422.20
01/03/2016,434.80
29/02/2016,439.20
28/02/2016,434.50
27/02/2016,434.20
26/02/2016,435.30
25/02/2016,424.90
24/02/2016,426.40
23/02/2016,421.10
22/02/2016,440.30
21/02/2016,440.50
20/02/2016,438.70
19/02/2016,420.00
18/02/2016,421.50
17/02/2016,414.90
16/02/2016,407.30
15/02/2016,399.90
14/02/2016,408.30
13/02/2016,393.00
12/02/2016,383.00
11/02/2016,378.00
10/02/2016,380.90
09/02/2016,374.00
08/02/2016,370.50
07/02/2016,372.00
06/02/2016,373.80
05/02/2016,386.50
04/02/2016,389.80
03/02/2016,369.00
02/02/2016,372.90
01/02/2016,371.40
31/01/2016,365.50
30/01/2016,377.00
29/01/2016,377.60
28/01/2016,378.40
27/01/2016,395.00
26/01/2016,391.30
25/01/2016,391.00
24/01/2016,402.80
23/01/2016,385.60
22/01/2016,381.00
21/01/2016,411.00
20/01/2016,419.40
19/01/2016,379.00
18/01/2016,387.00
17/01/2016,382.10
16/01/2016,388.40
15/01/2016,358.90
14/01/2016,429.30
13/01/2016,431.10
12/01/2016,432.00
11/01/2016,449.30
10/01/2016,449.40
09/01/2016,449.20
08/01/2016,454.00
07/01/2016,459.00
06/01/2016,428.00
05/01/2016,431.80
04/01/2016,432.90
03/01/2016,428.70
02/01/2016,432.70
01/01/2016,434.00
31/12/2015,429.00
30/12/2015,424.70
29/12/2015,431.90
28/12/2015,420.20
27/12/2015,422.40
26/12/2015,416.50
25/12/2015,455.50
24/12/2015,456.10
23/12/2015,442.60
22/12/2015,435.60
21/12/2015,437.90
20/12/2015,442.60
19/12/2015,462.50
18/12/2015,463.50
17/12/2015,455.80
16/12/2015,455.00
15/12/2015,466.50
14/12/2015,442.60
13/12/2015,433.00
12/12/2015,435.70
11/12/2015,456.30
10/12/2015,414.90
09/12/2015,418.70
08/12/2015,420.80
07/12/2015,396.70
06/12/2015,390.60
05/12/2015,390.00
04/12/2015,363.20
03/12/2015,360.70
02/12/2015,359.10
01/12/2015,362.70
30/11/2015,376.90
29/11/2015,373.30
28/11/2015,358.70
27/11/2015,358.90
26/11/2015,354.00
25/11/2015,329.90
24/11/2015,320.10
23/11/2015,323.60
22/11/2015,324.70
21/11/2015,327.50
20/11/2015,322.20
19/11/2015,326.50
18/11/2015,336.00
17/11/2015,336.30
16/11/2015,332.10
15/11/2015,321.10
14/11/2015,333.40
13/11/2015,338.50
12/11/2015,336.60
11/11/2015,314.00
10/11/2015,340.20
09/11/2015,381.00
08/11/2015,374.00
07/11/2015,384.60
06/11/2015,375.60
05/11/2015,388.00
04/11/2015,409.20
03/11/2015,405.30
02/11/2015,365.00
01/11/2015,330.70
31/10/2015,316.00
30/10/2015,328.20
29/10/2015,314.90
28/10/2015,304.50
27/10/2015,295.20
26/10/2015,287.20
25/10/2015,284.80
24/10/2015,284.20
23/10/2015,279.20
22/10/2015,275.80
21/10/2015,267.80
20/10/2015,271.00
19/10/2015,265.00
18/10/2015,265.00
17/10/2015,272.90
16/10/2015,263.50
15/10/2015,255.20
14/10/2015,253.50
13/10/2015,251.30
12/10/2015,246.10
11/10/2015,247.90
10/10/2015,246.00
09/10/2015,244.80
08/10/2015,243.00
07/10/2015,244.20
06/10/2015,247.40
05/10/2015,242.00
04/10/2015,239.50
03/10/2015,239.80
02/10/2015,237.90
01/10/2015,238.50
30/09/2015,236.50
29/09/2015,236.80
28/09/2015,240.40
27/09/2015,233.40
26/09/2015,234.60
25/09/2015,235.30
24/09/2015,234.60
23/09/2015,230.50
22/09/2015,231.30
21/09/2015,227.20
20/09/2015,232.10
19/09/2015,232.10
18/09/2015,233.80
17/09/2015,233.60
16/09/2015,229.00
15/09/2015,230.90
14/09/2015,230.90
13/09/2015,231.00
12/09/2015,235.80
11/09/2015,240.60
10/09/2015,239.50
09/09/2015,238.90
08/09/2015,244.20
07/09/2015,240.90
06/09/2015,241.00
05/09/2015,235.80
04/09/2015,230.90
03/09/2015,227.30
02/09/2015,229.70
01/09/2015,228.20
31/08/2015,231.40
30/08/2015,230.00
29/08/2015,230.80
28/08/2015,231.80
27/08/2015,225.80
26/08/2015,226.20
25/08/2015,222.70
24/08/2015,210.50
23/08/2015,228.50
22/08/2015,230.30
21/08/2015,232.20
20/08/2015,235.50
19/08/2015,226.20
18/08/2015,183.00
17/08/2015,258.50
16/08/2015,259.90
15/08/2015,262.10
14/08/2015,266.10
13/08/2015,264.50
12/08/2015,267.10
11/08/2015,272.00
10/08/2015,265.10
09/08/2015,265.60
08/08/2015,261.30
07/08/2015,280.10
06/08/2015,279.10
05/08/2015,282.60
04/08/2015,285.50
03/08/2015,281.30
02/08/2015,282.50
01/08/2015,280.30
31/07/2015,284.50
30/07/2015,288.20
29/07/2015,289.90
28/07/2015,295.20
27/07/2015,294.80
26/07/2015,293.00
25/07/2015,289.40
24/07/2015,288.60
23/07/2015,276.50
22/07/2015,278.00
21/07/2015,275.80
20/07/2015,280.30
19/07/2015,275.00
18/07/2015,277.30
17/07/2015,279.90
16/07/2015,278.90
15/07/2015,285.40
14/07/2015,286.90
13/07/2015,292.60
12/07/2015,311.10
10/07/2015,286.70
09/07/2015,269.20
08/07/2015,270.80
07/07/2015,265.50
06/07/2015,274.80
05/07/2015,265.20
04/07/2015,260.60
03/07/2015,256.00
02/07/2015,254.50
01/07/2015,258.10
30/06/2015,262.90
29/06/2015,256.70
28/06/2015,248.70
27/06/2015,251.60
26/06/2015,243.30
25/06/2015,242.10
24/06/2015,239.80
23/06/2015,244.30
22/06/2015,246.70
21/06/2015,244.30
20/06/2015,245.40
19/06/2015,244.60
18/06/2015,249.50
17/06/2015,248.90
16/06/2015,252.10
15/06/2015,237.00
14/06/2015,233.50
13/06/2015,232.90
12/06/2015,229.40
11/06/2015,229.80
10/06/2015,228.60
09/06/2015,229.10
08/06/2015,228.80
07/06/2015,223.30
06/06/2015,225.60
05/06/2015,224.50
04/06/2015,223.20
03/06/2015,225.10
02/06/2015,224.70
01/06/2015,222.00
31/05/2015,228.70
30/05/2015,232.50
29/05/2015,236.50
28/05/2015,236.90
27/05/2015,236.90
26/05/2015,237.40
25/05/2015,237.10
24/05/2015,240.90
23/05/2015,238.80
22/05/2015,241.00
21/05/2015,235.30
20/05/2015,234.20
19/05/2015,231.70
18/05/2015,232.80
17/05/2015,236.20
16/05/2015,235.70
15/05/2015,237.30
14/05/2015,236.70
13/05/2015,235.80
12/05/2015,241.80
11/05/2015,242.50
10/05/2015,240.60
09/05/2015,242.50
08/05/2015,244.50
07/05/2015,237.30
06/05/2015,229.30
05/05/2015,235.90
04/05/2015,238.50
03/05/2015,240.70
02/05/2015,234.80
01/05/2015,231.80
30/04/2015,236.10
29/04/2015,225.20
28/04/2015,225.30
27/04/2015,227.70
26/04/2015,219.70
25/04/2015,226.10
24/04/2015,231.40
23/04/2015,236.00
22/04/2015,234.10
21/04/2015,235.80
20/04/2015,224.20
19/04/2015,222.20
18/04/2015,223.10
17/04/2015,222.40
16/04/2015,228.50
15/04/2015,224.00
14/04/2015,220.20
13/04/2015,225.00
12/04/2015,236.40
11/04/2015,236.90
10/04/2015,236.10
09/04/2015,243.60
08/04/2015,244.90
07/04/2015,253.70
06/04/2015,255.60
05/04/2015,260.50
04/04/2015,253.60
03/04/2015,254.20
02/04/2015,253.20
01/04/2015,246.90
31/03/2015,244.30
30/03/2015,247.90
29/03/2015,242.40
28/03/2015,252.90
27/03/2015,246.50
26/03/2015,249.20
25/03/2015,245.90
24/03/2015,246.00
23/03/2015,267.20
22/03/2015,268.80
21/03/2015,260.50
20/03/2015,262.20
19/03/2015,261.90
18/03/2015,257.30
17/03/2015,285.30
16/03/2015,291.20
15/03/2015,286.90
14/03/2015,282.60
13/03/2015,283.30
12/03/2015,295.60
11/03/2015,296.70
10/03/2015,292.70
09/03/2015,291.00
08/03/2015,275.60
07/03/2015,277.00
06/03/2015,273.20
05/03/2015,277.70
04/03/2015,273.30
03/03/2015,283.80
02/03/2015,277.30
01/03/2015,262.40
28/02/2015,255.70
27/02/2015,255.00
26/02/2015,236.90
25/02/2015,238.00
24/02/2015,239.70
23/02/2015,239.40
22/02/2015,236.50
21/02/2015,245.60
20/02/2015,244.50
19/02/2015,240.20
18/02/2015,236.30
17/02/2015,244.00
16/02/2015,233.60
15/02/2015,235.90
14/02/2015,257.20
13/02/2015,236.10
12/02/2015,222.40
11/02/2015,219.80
10/02/2015,220.90
09/02/2015,221.10
08/02/2015,224.00
07/02/2015,229.00
06/02/2015,223.20
05/02/2015,216.80
04/02/2015,227.10
03/02/2015,228.60
02/02/2015,237.80
01/02/2015,229.00
31/01/2015,218.40
30/01/2015,229.10
29/01/2015,235.00
28/01/2015,236.10
27/01/2015,263.60
26/01/2015,274.50
25/01/2015,254.50
24/01/2015,240.00
23/01/2015,235.00
22/01/2015,226.30
21/01/2015,225.50
20/01/2015,218.00
19/01/2015,213.20
18/01/2015,209.90
17/01/2015,201.20
16/01/2015,206.70
15/01/2015,217.70
14/01/2015,183.20
13/01/2015,229.80
12/01/2015,267.60
11/01/2015,266.20
10/01/2015,275.00
09/01/2015,292.80
08/01/2015,285.60
07/01/2015,297.00
06/01/2015,285.40
05/01/2015,273.20
04/01/2015,258.80
03/01/2015,282.00
02/01/2015,315.10
01/01/2015,313.90
31/12/2014,317.00
30/12/2014,308.80
29/12/2014,311.90
28/12/2014,317.50
27/12/2014,315.90
26/12/2014,328.50
25/12/2014,319.00
24/12/2014,322.80
23/12/2014,332.90
22/12/2014,329.00
21/12/2014,317.20
20/12/2014,329.10
19/12/2014,315.70
18/12/2014,308.30
17/12/2014,318.20
16/12/2014,330.60
15/12/2014,347.20
14/12/2014,352.70
13/12/2014,350.90
12/12/2014,352.80
11/12/2014,350.00
10/12/2014,346.90
09/12/2014,353.90
08/12/2014,363.30
07/12/2014,374.40
06/12/2014,372.80
05/12/2014,378.40
04/12/2014,370.30
03/12/2014,375.70
02/12/2014,382.00
01/12/2014,377.60
30/11/2014,376.70
29/11/2014,374.50
28/11/2014,375.60
27/11/2014,369.60
26/11/2014,367.90
25/11/2014,375.80
24/11/2014,373.20
23/11/2014,360.60
22/11/2014,346.40
21/11/2014,349.30
20/11/2014,355.90
19/11/2014,379.20
18/11/2014,370.00
17/11/2014,387.60
16/11/2014,388.20
15/11/2014,376.50
14/11/2014,399.10
13/11/2014,419.40
12/11/2014,417.90
11/11/2014,367.00
10/11/2014,368.00
09/11/2014,360.00
08/11/2014,345.00
07/11/2014,341.50
06/11/2014,348.50
05/11/2014,337.50
04/11/2014,326.90
03/11/2014,323.60
02/11/2014,322.50
01/11/2014,327.20
31/10/2014,337.00
30/10/2014,343.90
29/10/2014,333.20
28/10/2014,353.10
27/10/2014,350.60
26/10/2014,350.00
25/10/2014,347.40
24/10/2014,356.10
23/10/2014,356.00
22/10/2014,380.00
21/10/2014,382.80
20/10/2014,381.00
19/10/2014,386.30
18/10/2014,390.00
17/10/2014,380.30
16/10/2014,379.30
15/10/2014,393.50
14/10/2014,397.90
13/10/2014,383.40
12/10/2014,372.00
11/10/2014,361.30
10/10/2014,359.50
09/10/2014,363.50
08/10/2014,350.00
07/10/2014,331.00
06/10/2014,323.80
05/10/2014,322.50
04/10/2014,328.70
03/10/2014,357.70
02/10/2014,371.70
01/10/2014,383.00
30/09/2014,387.10
29/09/2014,369.60
28/09/2014,374.70
27/09/2014,397.30
26/09/2014,403.00
25/09/2014,409.10
24/09/2014,420.40
23/09/2014,429.10
22/09/2014,397.70
21/09/2014,400.70
20/09/2014,411.60
19/09/2014,395.30
18/09/2014,427.20
17/09/2014,456.80
16/09/2014,465.10
15/09/2014,469.90
14/09/2014,476.50
13/09/2014,478.10
12/09/2014,471.80
11/09/2014,477.10
10/09/2014,477.30
09/09/2014,472.70
08/09/2014,470.40
07/09/2014,479.70
06/09/2014,481.30
05/09/2014,477.60
04/09/2014,489.20
03/09/2014,474.00
02/09/2014,476.80
01/09/2014,485.80
31/08/2014,483.40
30/08/2014,499.00
29/08/2014,507.50
28/08/2014,507.80
27/08/2014,511.00
26/08/2014,508.40
25/08/2014,502.50
24/08/2014,507.30
23/08/2014,500.10
22/08/2014,515.60
21/08/2014,515.90
20/08/2014,517.00
19/08/2014,490.30
18/08/2014,478.20
17/08/2014,501.30
16/08/2014,527.20
15/08/2014,506.20
14/08/2014,510.00
13/08/2014,549.00
12/08/2014,566.00
11/08/2014,572.50
10/08/2014,580.00
09/08/2014,583.30
08/08/2014,586.40
07/08/2014,582.30
06/08/2014,577.50
05/08/2014,575.00
04/08/2014,581.10
03/08/2014,582.10
02/08/2014,587.80
01/08/2014,594.90
31/07/2014,579.00
30/07/2014,551.00
29/07/2014,575.00
28/07/2014,586.40
27/07/2014,590.50
26/07/2014,594.00
25/07/2014,598.00
24/07/2014,600.30
23/07/2014,617.20
22/07/2014,612.60
21/07/2014,619.80
20/07/2014,618.90
19/07/2014,625.30
18/07/2014,627.50
17/07/2014,627.60
16/07/2014,621.00
15/07/2014,620.90
14/07/2014,622.40
13/07/2014,624.00
12/07/2014,626.00
11/07/2014,625.50
10/07/2014,610.00
09/07/2014,620.20
08/07/2014,618.50
07/07/2014,624.00
06/07/2014,633.30
05/07/2014,630.00
04/07/2014,632.20
03/07/2014,643.60
02/07/2014,647.90
01/07/2014,650.80
30/06/2014,640.00
29/06/2014,603.70
28/06/2014,600.10
27/06/2014,606.20
26/06/2014,577.90
25/06/2014,568.10
24/06/2014,587.30
23/06/2014,599.30
22/06/2014,607.80
21/06/2014,601.60
20/06/2014,601.00
19/06/2014,602.00
18/06/2014,611.50
17/06/2014,614.30
16/06/2014,580.00
15/06/2014,571.00
14/06/2014,554.40
13/06/2014,582.60
12/06/2014,590.00
11/06/2014,637.10
10/06/2014,653.60
09/06/2014,653.70
08/06/2014,662.30
07/06/2014,663.00
06/06/2014,655.00
05/06/2014,663.30
04/06/2014,652.30
03/06/2014,682.90
02/06/2014,669.50
01/06/2014,646.50
31/05/2014,635.60
30/05/2014,629.00
29/05/2014,573.00
28/05/2014,577.00
27/05/2014,570.00
26/05/2014,575.00
25/05/2014,566.20
24/05/2014,502.30
23/05/2014,509.50
22/05/2014,502.30
21/05/2014,477.60
20/05/2014,476.00
19/05/2014,439.00
18/05/2014,438.80
17/05/2014,442.00
16/05/2014,442.30
15/05/2014,442.00
14/05/2014,444.00
13/05/2014,437.30
12/05/2014,440.00
11/05/2014,432.00
10/05/2014,451.10
09/05/2014,446.00
08/05/2014,442.80
07/05/2014,438.00
06/05/2014,430.00
05/05/2014,427.00
04/05/2014,430.90
03/05/2014,440.50
02/05/2014,453.50
01/05/2014,459.00
30/04/2014,448.30
29/04/2014,434.00
28/04/2014,448.00
27/04/2014,441.50
26/04/2014,459.00
25/04/2014,460.00
24/04/2014,497.50
23/04/2014,490.20
22/04/2014,488.00
21/04/2014,497.00
20/04/2014,512.50
19/04/2014,505.00
18/04/2014,490.50
17/04/2014,500.70
16/04/2014,522.30
15/04/2014,515.00
14/04/2014,459.00
13/04/2014,404.20
12/04/2014,415.00
11/04/2014,416.30
10/04/2014,370.00
09/04/2014,442.50
08/04/2014,448.80
07/04/2014,454.20
06/04/2014,453.70
05/04/2014,460.80
04/04/2014,450.00
03/04/2014,448.80
02/04/2014,443.30
01/04/2014,482.80
31/03/2014,452.00
30/03/2014,464.10
29/03/2014,491.90
28/03/2014,497.40
27/03/2014,498.50
26/03/2014,595.00
25/03/2014,582.00
24/03/2014,590.00
23/03/2014,566.20
22/03/2014,560.00
21/03/2014,568.80
20/03/2014,583.50
19/03/2014,611.00
18/03/2014,618.40
17/03/2014,624.30
16/03/2014,635.00
15/03/2014,641.60
14/03/2014,630.00
13/03/2014,642.00
12/03/2014,650.00
11/03/2014,615.00
10/03/2014,615.00
09/03/2014,621.00
08/03/2014,614.10
07/03/2014,621.00
06/03/2014,663.00
05/03/2014,675.00
04/03/2014,668.00
03/03/2014,658.00
02/03/2014,560.60
01/03/2014,568.20
28/02/2014,565.00
27/02/2014,579.00
26/02/2014,582.00
25/02/2014,515.00
24/02/2014,562.40
23/02/2014,619.00
22/02/2014,595.20
21/02/2014,568.00
20/02/2014,578.90
19/02/2014,630.40
18/02/2014,628.00
17/02/2014,663.80
16/02/2014,608.00
15/02/2014,653.40
14/02/2014,682.00
13/02/2014,634.30
12/02/2014,685.00
11/02/2014,658.90
10/02/2014,706.30
09/02/2014,710.00
08/02/2014,690.00
07/02/2014,720.00
06/02/2014,771.60
05/02/2014,791.00
04/02/2014,813.00
03/02/2014,810.00
01/02/2014,814.60
31/01/2014,800.00
30/01/2014,803.90
29/01/2014,800.00
28/01/2014,795.00
27/01/2014,760.30
26/01/2014,809.70
25/01/2014,810.00
24/01/2014,781.90
23/01/2014,816.20
22/01/2014,807.00
21/01/2014,810.00
20/01/2014,823.40
19/01/2014,830.00
18/01/2014,800.00
17/01/2014,789.00
16/01/2014,824.00
15/01/2014,839.70
14/01/2014,826.90
13/01/2014,818.40
12/01/2014,888.10
11/01/2014,896.90
10/01/2014,834.70
09/01/2014,850.00
08/01/2014,828.50
07/01/2014,791.00
06/01/2014,934.50
05/01/2014,904.00
04/01/2014,801.80
03/01/2014,812.10
02/01/2014,775.00
01/01/2014,740.30
31/12/2013,727.70
30/12/2013,737.20
29/12/2013,714.30
28/12/2013,701.00
27/12/2013,718.90
26/12/2013,740.00
24/12/2013,647.30
23/12/2013,640.40
22/12/2013,622.10
21/12/2013,607.70
20/12/2013,599.00
19/12/2013,702.00
18/12/2013,551.40
17/12/2013,731.90
16/12/2013,704.80
15/12/2013,864.90
14/12/2013,897.90
13/12/2013,912.60
12/12/2013,900.50
11/12/2013,921.80
10/12/2013,"1,023.00"
09/12/2013,935.80
08/12/2013,730.00
07/12/2013,800.60
06/12/2013,872.60
05/12/2013,"1,030.60"
04/12/2013,"1,145.00"
03/12/2013,"1,048.00"
02/12/2013,998.10
01/12/2013,955.00
30/11/2013,"1,112.40"
29/11/2013,"1,107.50"
28/11/2013,"1,010.00"
27/11/2013,948.00
26/11/2013,849.60
25/11/2013,782.80
24/11/2013,813.70
23/11/2013,842.20
22/11/2013,760.00
21/11/2013,700.00
20/11/2013,550.00
19/11/2013,599.00
18/11/2013,585.20
17/11/2013,473.30
16/11/2013,435.30
15/11/2013,400.00
14/11/2013,418.00
13/11/2013,387.70
12/11/2013,350.20
11/11/2013,338.60
08.11.2012,10.90
07.11.2012,10.90
06.11.2012,10.90
05.11.2012,10.80
04.11.2012,10.80
03.11.2012,10.60
02.11.2012,10.50
01.11.2012,10.60
31.10.2012,11.20
30.10.2012,10.90
29.10.2012,10.60
28.10.2012,10.70
27.10.2012,10.30
26.10.2012,10.20
25.10.2012,10.90
24.10.2012,11.60
23.10.2012,11.60
22.10.2012,11.70
21.10.2012,11.60
20.10.2012,11.70
19.10.2012,11.70
18.10.2012,11.90
17.10.2012,11.80
16.10.2012,11.90
15.10.2012,11.80
14.10.2012,11.70
13.10.2012,11.90
12.10.2012,12.00
11.10.2012,12.00
10.10.2012,12.10
09.10.2012,11.90
08.10.2012,11.80
07.10.2012,11.80
06.10.2012,12.50
05.10.2012,12.70
04.10.2012,12.90
03.10.2012,12.90
02.10.2012,12.80
01.10.2012,12.40
30.09.2012,12.40
29.09.2012,12.40
28.09.2012,12.40
27.09.2012,12.30
26.09.2012,12.30
25.09.2012,12.20
24.09.2012,12.10
23.09.2012,12.20
22.09.2012,12.20
21.09.2012,12.40
20.09.2012,12.30
19.09.2012,12.60
18.09.2012,12.30
17.09.2012,11.90
16.09.2012,11.90
15.09.2012,11.80
14.09.2012,11.70
13.09.2012,11.40
12.09.2012,11.40
11.09.2012,11.30
10.09.2012,11.20
09.09.2012,11.00
08.09.2012,11.00
07.09.2012,11.00
06.09.2012,11.20
05.09.2012,11.00
04.09.2012,10.40
03.09.2012,10.50
02.09.2012,10.20
01.09.2012,10.00
31.08.2012,10.20
30.08.2012,10.80
29.08.2012,10.90
28.08.2012,10.90
27.08.2012,10.90
26.08.2012,10.60
25.08.2012,10.50
24.08.2012,10.60
23.08.2012,10.10
22.08.2012,9.80
21.08.2012,9.90
20.08.2012,10.10
19.08.2012,8.00
18.08.2012,11.60
17.08.2012,11.60
16.08.2012,13.50
15.08.2012,13.30
14.08.2012,12.20
13.08.2012,12.00
12.08.2012,11.60
11.08.2012,11.50
10.08.2012,11.40
09.08.2012,11.10
08.08.2012,11.10
07.08.2012,11.10
06.08.2012,10.90
05.08.2012,10.90
04.08.2012,11.00
03.08.2012,11.00
02.08.2012,10.50
01.08.2012,9.60
31.07.2012,9.40
30.07.2012,9.10
29.07.2012,8.70
28.07.2012,8.90
27.07.2012,8.90
26.07.2012,8.90
25.07.2012,8.80
24.07.2012,8.60
23.07.2012,8.40
22.07.2012,8.40
21.07.2012,8.90
20.07.2012,8.50
19.07.2012,8.90
18.07.2012,9.10
17.07.2012,8.80
16.07.2012,8.50
15.07.2012,7.60
14.07.2012,7.50
13.07.2012,7.70
12.07.2012,7.80
11.07.2012,7.20
10.07.2012,7.20
09.07.2012,7.00
08.07.2012,6.80
07.07.2012,6.80
06.07.2012,6.70
05.07.2012,6.70
04.07.2012,6.50
03.07.2012,6.40
02.07.2012,6.80
01.07.2012,6.60
30.06.2012,6.70
29.06.2012,6.70
28.06.2012,6.60
27.06.2012,6.70
26.06.2012,6.40
25.06.2012,6.30
24.06.2012,6.30
23.06.2012,6.40
22.06.2012,6.60
21.06.2012,6.70
20.06.2012,6.70
19.06.2012,6.50
18.06.2012,6.30
17.06.2012,6.20
16.06.2012,6.40
15.06.2012,6.50
14.06.2012,5.90
13.06.2012,5.90
12.06.2012,5.70
11.06.2012,5.60
10.06.2012,5.50
09.06.2012,5.60
08.06.2012,5.60
07.06.2012,5.60
06.06.2012,5.50
05.06.2012,5.40
04.06.2012,5.30
03.06.2012,5.20
02.06.2012,5.30
01.06.2012,5.30
31.05.2012,5.20
30.05.2012,5.10
29.05.2012,5.20
28.05.2012,5.10
27.05.2012,5.10
26.05.2012,5.10
25.05.2012,5.20
24.05.2012,5.10
23.05.2012,5.10
22.05.2012,5.10
21.05.2012,5.10
20.05.2012,5.10
19.05.2012,5.10
18.05.2012,5.10
17.05.2012,5.10
16.05.2012,5.10
15.05.2012,5.00
14.05.2012,5.00
13.05.2012,4.90
12.05.2012,4.90
11.05.2012,5.00
10.05.2012,4.80
09.05.2012,5.00
08.05.2012,5.10
07.05.2012,5.10
06.05.2012,5.10
05.05.2012,5.10
04.05.2012,5.10
03.05.2012,5.10
02.05.2012,5.10
01.05.2012,5.00
30.04.2012,4.90
29.04.2012,4.90
28.04.2012,5.00
27.04.2012,5.10
26.04.2012,5.10
25.04.2012,5.10
24.04.2012,5.10
23.04.2012,5.00
22.04.2012,5.20
21.04.2012,5.30
20.04.2012,5.30
19.04.2012,5.10
18.04.2012,5.10
17.04.2012,5.00
16.04.2012,4.90
15.04.2012,5.00
14.04.2012,5.00
13.04.2012,4.90
12.04.2012,4.90
11.04.2012,4.90
10.04.2012,4.80
09.04.2012,4.90
08.04.2012,4.80
07.04.2012,4.70
06.04.2012,4.90
05.04.2012,4.90
04.04.2012,4.90
03.04.2012,4.90
02.04.2012,5.00
01.04.2012,4.80
31.03.2012,4.90
30.03.2012,4.90
29.03.2012,4.80
28.03.2012,4.80
27.03.2012,4.80
26.03.2012,4.60
25.03.2012,4.60
24.03.2012,4.70
23.03.2012,4.70
22.03.2012,4.70
21.03.2012,4.80
20.03.2012,4.80
19.03.2012,4.70
18.03.2012,5.30
17.03.2012,5.20
16.03.2012,5.30
15.03.2012,5.30
14.03.2012,5.40
13.03.2012,5.30
12.03.2012,4.90
11.03.2012,4.90
10.03.2012,4.80
09.03.2012,4.90
08.03.2012,4.90
07.03.2012,4.90
06.03.2012,5.00
05.03.2012,5.00
04.03.2012,4.80
03.03.2012,4.60
02.03.2012,4.70
01.03.2012,4.90
29.02.2012,4.90
28.02.2012,4.90
27.02.2012,5.00
26.02.2012,4.90
25.02.2012,4.80
24.02.2012,5.00
23.02.2012,5.00
22.02.2012,4.40
21.02.2012,4.30
20.02.2012,4.40
19.02.2012,4.40
18.02.2012,4.20
17.02.2012,4.40
16.02.2012,4.30
15.02.2012,4.30
14.02.2012,4.50
13.02.2012,5.30
12.02.2012,5.50
11.02.2012,5.60
10.02.2012,5.90
09.02.2012,5.80
08.02.2012,5.60
07.02.2012,5.70
06.02.2012,5.40
05.02.2012,5.70
04.02.2012,5.90
03.02.2012,6.00
02.02.2012,6.10
01.02.2012,6.10
31.01.2012,5.50
30.01.2012,5.50
29.01.2012,5.40
28.01.2012,5.60
27.01.2012,5.30
26.01.2012,5.30
25.01.2012,5.80
24.01.2012,6.30
23.01.2012,6.40
22.01.2012,6.30
21.01.2012,6.20
20.01.2012,6.50
19.01.2012,6.40
18.01.2012,5.90
17.01.2012,5.60
16.01.2012,6.70
15.01.2012,7.00
14.01.2012,6.80
13.01.2012,6.40
12.01.2012,6.80
11.01.2012,6.90
10.01.2012,6.40
09.01.2012,6.30
08.01.2012,7.10
07.01.2012,6.80
06.01.2012,6.70
05.01.2012,6.90
04.01.2012,5.60
03.01.2012,4.90
02.01.2012,5.20
01.01.2012,5.30
31.12.2011,4.70
30.12.2011,4.30
29.12.2011,4.20
28.12.2011,4.20
27.12.2011,4.10
26.12.2011,4.00
25.12.2011,4.20
24.12.2011,3.90
23.12.2011,4.00
22.12.2011,3.90
21.12.2011,3.90
20.12.2011,4.00
19.12.2011,3.50
18.12.2011,3.20
17.12.2011,3.20
16.12.2011,3.20
15.12.2011,3.20
14.12.2011,3.20
13.12.2011,3.30
12.12.2011,3.10
11.12.2011,3.30
10.12.2011,3.00
09.12.2011,3.00
08.12.2011,3.00
07.12.2011,3.00
06.12.2011,3.00
05.12.2011,2.90
04.12.2011,2.80
03.12.2011,2.80
02.12.2011,3.10
01.12.2011,3.10
30.11.2011,3.00
29.11.2011,2.80
28.11.2011,2.50
27.11.2011,2.50
26.11.2011,2.50
25.11.2011,2.50
24.11.2011,2.40
23.11.2011,2.30
22.11.2011,2.30
21.11.2011,2.30
20.11.2011,2.20
19.11.2011,2.20
18.11.2011,2.00
17.11.2011,2.30
16.11.2011,2.60
15.11.2011,2.30
14.11.2011,2.20
13.11.2011,3.00
12.11.2011,3.00
11.11.2011,3.10
10.11.2011,2.80
09.11.2011,3.00
08.11.2011,3.00
07.11.2011,3.00
06.11.2011,3.00
05.11.2011,3.00
04.11.2011,3.10
03.11.2011,3.20
02.11.2011,3.30
01.11.2011,3.20
31.10.2011,3.30
30.10.2011,3.30
29.10.2011,3.60
28.10.2011,3.20
27.10.2011,3.00
26.10.2011,2.80
25.10.2011,2.80
24.10.2011,2.50
23.10.2011,3.20
22.10.2011,3.20
21.10.2011,2.60
20.10.2011,2.30
19.10.2011,2.30
18.10.2011,2.40
17.10.2011,2.60
16.10.2011,3.60
15.10.2011,3.80
14.10.2011,4.00
13.10.2011,4.10
12.10.2011,4.20
11.10.2011,3.90
10.10.2011,4.10
09.10.2011,4.10
08.10.2011,4.00
07.10.2011,4.30
06.10.2011,4.70
05.10.2011,4.90
04.10.2011,5.00
03.10.2011,5.00
02.10.2011,5.00
01.10.2011,5.00
30.09.2011,5.10
29.09.2011,4.80
28.09.2011,4.80
27.09.2011,4.90
26.09.2011,4.90
25.09.2011,5.30
24.09.2011,5.50
23.09.2011,5.60
22.09.2011,5.40
21.09.2011,5.60
20.09.2011,6.10
19.09.2011,5.50
18.09.2011,5.20
17.09.2011,4.80
16.09.2011,4.80
15.09.2011,4.80
14.09.2011,5.60
13.09.2011,5.80
12.09.2011,6.10
11.09.2011,5.90
10.09.2011,4.80
09.09.2011,5.00
08.09.2011,6.50
07.09.2011,7.20
06.09.2011,6.90
05.09.2011,7.60
04.09.2011,8.20
03.09.2011,8.50
02.09.2011,8.60
01.09.2011,8.20
31.08.2011,8.20
30.08.2011,8.80
29.08.2011,9.00
28.08.2011,9.10
27.08.2011,8.60
26.08.2011,8.20
25.08.2011,9.70
24.08.2011,10.90
23.08.2011,10.90
22.08.2011,10.90
21.08.2011,11.30
20.08.2011,11.40
19.08.2011,11.60
18.08.2011,10.80
17.08.2011,10.90
16.08.2011,11.00
15.08.2011,11.10
14.08.2011,10.80
13.08.2011,10.10
12.08.2011,9.50
11.08.2011,9.50
10.08.2011,10.00
09.08.2011,10.00
08.08.2011,7.80
07.08.2011,7.90
06.08.2011,6.60
05.08.2011,9.80
04.08.2011,10.80
03.08.2011,9.30
02.08.2011,12.10
01.08.2011,13.10
31.07.2011,13.40
30.07.2011,13.50
29.07.2011,13.50
28.07.2011,13.50
27.07.2011,13.90
26.07.2011,13.90
25.07.2011,14.10
24.07.2011,14.00
23.07.2011,13.70
22.07.2011,13.70
21.07.2011,13.60
20.07.2011,13.70
19.07.2011,13.90
18.07.2011,13.50
17.07.2011,13.20
16.07.2011,13.70
15.07.2011,13.80
14.07.2011,14.00
13.07.2011,13.90
12.07.2011,14.00
11.07.2011,14.20
10.07.2011,14.90
09.07.2011,14.40
08.07.2011,14.30
07.07.2011,14.80
06.07.2011,14.80
05.07.2011,12.90
04.07.2011,13.90
03.07.2011,15.40
02.07.2011,15.40
01.07.2011,15.40
30.06.2011,16.10
29.06.2011,16.90
28.06.2011,17.00
27.06.2011,16.80
26.06.2011,16.50
25.06.2011,17.50
24.06.2011,17.50
23.06.2011,17.50
22.06.2011,17.50
21.06.2011,17.50
20.06.2011,17.50
19.06.2011,17.50
18.06.2011,16.90
17.06.2011,15.70
16.06.2011,17.00
15.06.2011,19.50
14.06.2011,19.30
13.06.2011,19.80
12.06.2011,18.50
11.06.2011,14.60
10.06.2011,24.00
09.06.2011,28.90
08.06.2011,29.60
07.06.2011,23.90
06.06.2011,18.50
05.06.2011,16.70
04.06.2011,18.90
03.06.2011,14.30
02.06.2011,10.60
01.06.2011,9.60
31.05.2011,8.70
30.05.2011,8.80
29.05.2011,8.40
28.05.2011,8.30
27.05.2011,8.50
26.05.2011,8.80
25.05.2011,8.40
24.05.2011,7.40
23.05.2011,7.20
22.05.2011,6.70
21.05.2011,6.10
20.05.2011,5.60
19.05.2011,6.80
18.05.2011,6.90
17.05.2011,7.20
16.05.2011,8.00
15.05.2011,7.00
14.05.2011,7.20
13.05.2011,8.20
12.05.2011,6.30
11.05.2011,5.50
10.05.2011,5.80
09.05.2011,3.80
08.05.2011,3.90
07.05.2011,3.60
06.05.2011,3.50
05.05.2011,3.30
04.05.2011,3.40
03.05.2011,3.40
02.05.2011,3.20
01.05.2011,3.00
30.04.2011,3.50
29.04.2011,2.90
28.04.2011,2.20
27.04.2011,1.90
26.04.2011,1.80
25.04.2011,1.60
24.04.2011,1.60
23.04.2011,1.70
22.04.2011,1.40
21.04.2011,1.20
20.04.2011,1.10
19.04.2011,1.20
18.04.2011,1.20
17.04.2011,1.10
16.04.2011,1.00
15.04.2011,1.00
14.04.2011,1.00
13.04.2011,0.90
12.04.2011,0.90
11.04.2011,0.80
10.04.2011,0.70
09.04.2011,0.70
08.04.2011,0.80
07.04.2011,0.80
06.04.2011,0.70
05.04.2011,0.70
04.04.2011,0.70
03.04.2011,0.80
02.04.2011,0.80
01.04.2011,0.80
31.03.2011,0.80
30.03.2011,0.80
29.03.2011,0.80
28.03.2011,0.80
27.03.2011,0.80
26.03.2011,0.90
25.03.2011,0.90
24.03.2011,0.90
23.03.2011,0.80
22.03.2011,0.80
21.03.2011,0.80
20.03.2011,0.70
19.03.2011,0.80
18.03.2011,0.80
17.03.2011,0.80
16.03.2011,0.90
15.03.2011,0.90
14.03.2011,0.90
13.03.2011,0.90
12.03.2011,0.90
11.03.2011,0.90
10.03.2011,0.90
09.03.2011,0.90
08.03.2011,0.90
07.03.2011,0.90
06.03.2011,0.90
05.03.2011,0.90
04.03.2011,0.90
03.03.2011,0.90
02.03.2011,0.90
01.03.2011,0.90
28.02.2011,0.90
27.02.2011,0.90
26.02.2011,1.00
25.02.2011,0.90
24.02.2011,1.00
23.02.2011,0.90
22.02.2011,0.90
21.02.2011,0.80
20.02.2011,0.90
19.02.2011,0.90
18.02.2011,0.90
17.02.2011,1.00
16.02.2011,1.00
15.02.2011,1.00
14.02.2011,1.10
13.02.2011,1.00
12.02.2011,1.10
11.02.2011,1.10
10.02.2011,1.00
09.02.2011,1.10
08.02.2011,0.90
07.02.2011,0.90
06.02.2011,0.90
05.02.2011,0.90
04.02.2011,0.80
03.02.2011,0.70
02.02.2011,0.70
01.02.2011,0.70
31.01.2011,0.50
30.01.2011,0.50
29.01.2011,0.40
28.01.2011,0.40
27.01.2011,0.40
26.01.2011,0.40
25.01.2011,0.40
24.01.2011,0.40
23.01.2011,0.40
22.01.2011,0.40
21.01.2011,0.40
20.01.2011,0.40
19.01.2011,0.30
18.01.2011,0.30
17.01.2011,0.30
16.01.2011,0.40
15.01.2011,0.40
14.01.2011,0.40
13.01.2011,0.30
12.01.2011,0.30
11.01.2011,0.30
10.01.2011,0.30
09.01.2011,0.30
08.01.2011,0.30
07.01.2011,0.30
06.01.2011,0.30
05.01.2011,0.30
04.01.2011,0.30
03.01.2011,0.30
02.01.2011,0.30
01.01.2011,0.30
31.12.2010,0.30
30.12.2010,0.30
29.12.2010,0.30
28.12.2010,0.30
27.12.2010,0.30
26.12.2010,0.30
25.12.2010,0.20
24.12.2010,0.20
23.12.2010,0.30
22.12.2010,0.30
21.12.2010,0.20
20.12.2010,0.30
19.12.2010,0.20
18.12.2010,0.20
17.12.2010,0.20
16.12.2010,0.30
15.12.2010,0.20
14.12.2010,0.20
13.12.2010,0.20
12.12.2010,0.20
11.12.2010,0.20
10.12.2010,0.20
09.12.2010,0.20
08.12.2010,0.20
07.12.2010,0.20
06.12.2010,0.20
05.12.2010,0.20
04.12.2010,0.20
03.12.2010,0.30
02.12.2010,0.30
01.12.2010,0.20
30.11.2010,0.20
29.11.2010,0.20
28.11.2010,0.30
27.11.2010,0.30
26.11.2010,0.30
25.11.2010,0.30
24.11.2010,0.30
23.11.2010,0.30
22.11.2010,0.30
21.11.2010,0.30
20.11.2010,0.30
19.11.2010,0.30
18.11.2010,0.30
17.11.2010,0.20
16.11.2010,0.20
15.11.2010,0.30
14.11.2010,0.30
13.11.2010,0.30
12.11.2010,0.30
11.11.2010,0.20
10.11.2010,0.20
09.11.2010,0.20
08.11.2010,0.20
07.11.2010,0.30
06.11.2010,0.40
05.11.2010,0.30
04.11.2010,0.20
03.11.2010,0.20
02.11.2010,0.20
01.11.2010,0.20
31.10.2010,0.20
30.10.2010,0.20
29.10.2010,0.20
28.10.2010,0.20
27.10.2010,0.20
26.10.2010,0.20
25.10.2010,0.10
24.10.2010,0.10
23.10.2010,0.10
22.10.2010,0.10
21.10.2010,0.10
20.10.2010,0.10
19.10.2010,0.10
18.10.2010,0.10
17.10.2010,0.10
16.10.2010,0.10
15.10.2010,0.10
14.10.2010,0.10
13.10.2010,0.10
12.10.2010,0.10
11.10.2010,0.10
10.10.2010,0.10
09.10.2010,0.10
08.10.2010,0.10
07.10.2010,0.10
06.10.2010,0.10
05.10.2010,0.10
04.10.2010,0.10
03.10.2010,0.10
02.10.2010,0.10
01.10.2010,0.10
30.09.2010,0.10
29.09.2010,0.10
28.09.2010,0.10
27.09.2010,0.10
26.09.2010,0.10
25.09.2010,0.10
24.09.2010,0.10
23.09.2010,0.10
22.09.2010,0.10
21.09.2010,0.10
20.09.2010,0.10
19.09.2010,0.10
18.09.2010,0.10
17.09.2010,0.10
16.09.2010,0.10
15.09.2010,0.10
14.09.2010,0.10
13.09.2010,0.10
12.09.2010,0.10
11.09.2010,0.10
10.09.2010,0.10
09.09.2010,0.10
08.09.2010,0.10
07.09.2010,0.10
06.09.2010,0.10
05.09.2010,0.10
04.09.2010,0.10
03.09.2010,0.10
02.09.2010,0.10
01.09.2010,0.10
31.08.2010,0.10
30.08.2010,0.10
29.08.2010,0.10
28.08.2010,0.10
27.08.2010,0.10
26.08.2010,0.10
25.08.2010,0.10
24.08.2010,0.10
23.08.2010,0.10
22.08.2010,0.10
21.08.2010,0.10
20.08.2010,0.10
19.08.2010,0.10
18.08.2010,0.10
17.08.2010,0.10
16.08.2010,0.10
15.08.2010,0.10
14.08.2010,0.10
13.08.2010,0.10
12.08.2010,0.10
11.08.2010,0.10
10.08.2010,0.10
09.08.2010,0.10
08.08.2010,0.10
07.08.2010,0.10
06.08.2010,0.10
05.08.2010,0.10
04.08.2010,0.10
03.08.2010,0.10
02.08.2010,0.10
01.08.2010,0.10
31.07.2010,0.10
30.07.2010,0.10
29.07.2010,0.10
28.07.2010,0.10
27.07.2010,0.10
26.07.2010,0.10
25.07.2010,0.10
24.07.2010,0.10
23.07.2010,0.10
22.07.2010,0.10
21.07.2010,0.10
20.07.2010,0.10
19.07.2010,0.10
18.07.2010,0.10
